{
  "mesh_file": "/home/stud2/Shikhar/vv/pipeline/Scoliosis/working/far/mesh_reconstruction/p_env_far_mesh.ply",
  "plane_equation": {
    "a": -0.005836272967007915,
    "b": 0.9616551649868078,
    "c": 0.2741993464106906,
    "d": -0.45288292579151473,
    "equation": "-0.005836x + 0.961655y + 0.274199z + -0.452883 = 0"
  },
  "normal_vector": [
    -0.005836272967007915,
    0.9616551649868078,
    0.2741993464106906
  ],
  "picked_points": [
    [
      0.1125018523777792,
      0.1931871467010805,
      0.9771004695759793
    ],
    [
      0.13232446066987258,
      0.21188479478144367,
      0.9117752628798576
    ],
    [
      0.04427398785010997,
      0.24451718894407867,
      0.7929737801440639
    ],
    [
      -0.24709925445539965,
      0.20385484515986946,
      0.9305937595997066
    ],
    [
      -0.21122640781879065,
      0.2375470458089833,
      0.8148987748513546
    ],
    [
      -0.05626790306059051,
      0.26001387189299097,
      0.7396311769854629
    ]
  ],
  "num_points": 6,
  "version": "v2_enhanced_picker"
}