{
  "plane_equation": {
    "a": 0.0,
    "b": -1.0,
    "c": 0.0,
    "d": 0.22082580079067096,
    "equation": "0.000000x + -1.000000y + 0.000000z + 0.220826 = 0"
  },
  "normal": [
    0.0,
    -1.0,
    0.0
  ],
  "aligned": true,
  "alignment_target": [
    0,
    -1,
    0
  ]
}